80,0x3d2c85638beabc1295c7221d076c05262910268b
200,0x0a27a2355D295c87A392b6C3f35262a0Bfd2c4Df
280,0xD7a74a2F7B41a84051Ec9b3e1C4454297303576C
280,0xD7a74a2F7B41a84051Ec9b3e1C4454297303576C
120,0xD7a74a2F7B41a84051Ec9b3e1C4454297303576C
80,0x1E920C45641f367637F51EfEEc2C5Ed501123cB0
80,0x8D0eece9b165C02B58963fB6327689BEba391e53
200,0x4DEA7d17e357696750E6b4CB7C9Ea2A6aE253c47
80,0x405A2D2DF718D9eB96438ea9D72254B0E568a9Ed
120,0x0d7dfc0100734619f06c41ea68dd0147a9180248
200,0x451645950a6c737743d28C72c88016f45B504639
80,0x89945Fd1799A8B5f69A3322D8D4D5e5b373d8B16
80,0xf37DfCaD6E7D285662a156dAa9E85077fbC3aFF3
200,0x5dcEF826AE2C715DA1c1De9A94770AB3D84e3e61
280,0x5dcEF826AE2C715DA1c1De9A94770AB3D84e3e61
80,0x5dcEF826AE2C715DA1c1De9A94770AB3D84e3e61
200,0xA9f655f17136BF8063d1D65a9b05F0e1d1021Dbb
200,0xecf4043714A8364dD46287b107B4582e60bA4fB4
80,0xA7300f6ABf11Ff569234866BF734DE7c3EEB8308
80,0x2562fDde7d00754A7cC2d31778C01b27782F3195
80,0x4DA8E66002954ceeFfD0d6aeDeB3D3003d127492
80,0x2bbFe5650e9876fb313D6b32352c6Dc5966A7B68
200,0x7987ff8F1DCa2c23cAd4ED390F008Cbb86e35613
80,0x25d6BB14eEa6E12B700d941E3Da76Fb12FB31c61
120,0x93fAcACD194ddf378dF955DDB4BF990b7096148F
80,0xE9Bbd957Cd3e35bDBFb8b41069F9C7bA17BcC467
80,0x07a38eC2C8771348AeDd2a22689d3595a8D79bFf
280,0xF9827059961Ef95c169289E39449894A477F6009
280,0x90B2c33515f9f40B10D7D48070B0d65F020bB7e9
80,0x0688D185914991c9F24Df7dbbAb08C37BFD212D3
120,0x7a5e3fa71009d91ece4f83e479a2932df261fde3
80,0x48036644239bB32c2f8FAbAc2976B816D10b9726
120,0xF01E331DE31c9c28f01084Daa05eAa34F6fFfCE6
40,0x2664877dDd86Eea6bc174C202458B62e7EA8ada7
100,0xDA043C7375605b0E82996Cd068060c401DD7c297
100,0xE3CC68A9aa8317df2d6975D230d2bbcF1A604150
67,0x3e004403BdA5b994380CA07b22bBA31FfeEfe59E
67,0x8a1A3658091eA92a33cDa32deE5dB5a3396e8aD1
93,0xF61A95adB9fF2ceC9aA53d6ac902a0478e9320Be
93,0x0F591947Eab2b009E33D2d7CF9F2E2A8ec17dbA6
67,0x273adA7888742fe2Be4eA8E0A72F18668418376f
27,0x8A9b9A5b3b1328e563b04cB21fdb89dD4A49CC84