0xe30f51B2b5A55cA89986654F6E96A627513e7CF8,50
0xCfF2e1C3E7dAf8905e937AC98453539264B2165C,50
0x716cc5821d8c8a8929252599df46b408c2001c2e,50
0x8358FDB019345cCd005707FB6F5b1f295c958254,50
0x24F3329d2Aa3C95A2b8Af817086B3ad40B18Bc36,50
0x60b13689E442fA1469E7Cf525c6f441E326661Cc,50
0x05e0f7088ca8805f00367b9c4b9d1d61e1e99fe9,50
0x707D024F151c8339Cf8F277e6Ef5fa730F72380D,50
0x0f989e7b42846778a93da75d348a4bd6a230037b,50
0xB837102695da8556CeE70D79D21068a359b5e262,50
0x7F7F5c2EA3d0afcd362D50570673BB814fA31F13,20
0x8e0F3734fe0ECB6CE31c48e97A32aA209085Ba84,20
0xd6855E2904e0f2A34C528d675186BbD6b5ED9880,20
0xD0342CF5ECa3f9372C5E82BA77B36E5BB3D79F4b,20
0x2CAB3A5c1d3cFEA0ABaA075D0EeB5FCFF0885246,20
0x0E370493cD043d81F6f6c1972bc5D982AeD69276,20
0x1864c1b842fd48a662fc2647f60a1f192cc0ac0f,20
0xcbb119f802400f5d0fd7cebedd9a003dabb98568,20
0x7acf366A957D0dF72B1cF0bBebE7Fb30f47f582f,20
0xAA277867ed782Bb84eB46d2Ca1A384179727682D,20
0xc2D88883a08aaD3cf5F10233D4558af0E44ADEa1,20
0x024a2Cb80373cc21a650E50420f7994a95B18243,20
0xE33BB51F16f470730B361258678ab39Ed00AB5f5,20
0xb2a30519C0Cc1aE440EFFf3D1b8f75e49f4C1E52,20
0x5bC1790E3aBc2D580AAf903cBDc0fc903B612445,20
0x66d816e17eaE535378dF4686574A8b27418BaEB3,20
0xE47d41Fb18Cb8947410b5F6a84404faE9AF5098d,20
0x934e37341ec5a261c2939246abbd339ae7f0b816,20
0x8033f0Fe9916f8e0c59B64280Cf241a403626bed,20
0xc24B59aF793B19910528FF9CE904089d2D09aBD0,20
0x451645950a6c737743d28C72c88016f45B504639,20
0x7a1705289f0CcAA2Cb394F349D538e5c663990f7,20
0x406544f67aCae81E5dFcE9f920814be5a7c7f0D3,20
0x828ca23d0954381628dc938a069f0622e4773517,20
0xa1923aBe48433a7036179dc4Cc9059670B629433,20
0x96b5ef768ac25d6223730d8eab8e80ef27b00672,20
0xa73d6e1B938e0D47DB65cA43d46195dF5E720D6C,20
0xE5D0bE441627472f4D3D15Eaf8107bDCCeB1306a,20
0x0F394f3F8d2dfcBF32C12d9a8738b40B69482752,20
0xAa769a14fB51A9dab45824deF3047B4C794193CE,20
0x3BC19eD902319F3e66cd708934a44Cc7F0cDB3c8,20
0x2bbFe5650e9876fb313D6b32352c6Dc5966A7B68,20
0xd9e5D93271B510ae18fe52b7FE02627A8ebAd6e5,20
0x89eb40D76c4C06181bA33Cb1541EaEff6Bd046a0,20
0x5BEEDfF2Ff94F2c4F62d002bc12049c24191994E,20
0x887Bb5aa8066E2B0a446E6398A464aaE05E4Fa50,20
0x5066cf4Bea7C730A56d3eE6B0007382D7e711808,20
0xE86F43736bEd88d26c42e79EB7798f952dB9c09C,20
0x8444cC46bD861444c0831Ee6EA39d1236bEE4b41,20
0xCDeEAAC8d4226A712ee0A550C45A5A0003151598,20
0x696298Abc4F068beBA258E086b4484862AC32612,20
0xDd772A2d08a1e988eb6778b8472f7DEd469B5310,20
0xE94Cb79Ba6220b904f628C96bd9E8c1F44d21d65,20
0xA9AeD025c5Cf258736edACF42CD0c8eEb5E0EDE3,20
0xF658EF811734C1EDDc128c1a6165512b56f2acc0,20
0x67B30Dbe680577a3E5650466bD63962eB144B2d1,20
0x3759CdC11d4B676EA29537942c846f3b5cdEAb98,20
0x09E8A1259A9f23D4e42A4E422E24190eD63a8EaF,20
0xd8A185B4C3f9684A0c7dB5a9F49a54d9227EBE5e,20
0x2bbFe5650e9876fb313D6b32352c6Dc5966A7B68,20
0x9F8A68f0E835009e19b8b352e7326C7B7C57eFA0,10
0x1E324b2DfF89519688Cd28865Acf372Af73730Db,10
0xCa6042e266C3249551e25E0C95d16c59375d926A,10
0xcD80677A28F27104Dbe4c984564c9C7aB8c60F8B,10
0x30791f1af3c6f30cfa836b56692623b3b9cea460,10
0x59514Efa51012824B6bd0f92621F1116FAB4Ef31,10
0xfe6589956BDE4AD4bc7F8DbCFd6292cFe533F091,10
0x34960F12B7f6276a0a8F3294567607CA96dF30d0,10
0x22f8Ed5C1b59BB8fC876dAf3aC4CE26217C7D0d7,10
0x67B30Dbe680577a3E5650466bD63962eB144B2d1,10
0x2f5Ef4c24BAA53b1Ffb879f9ef56262Cb651F122,10
0xE6fA22A58d95aa2c25569d332210a8774c510AFD,10
0x77d25848b2396250df5860ae566F7c341d81efac,10
0x024a2Cb80373cc21a650E50420f7994a95B18243,10
0x1EcF0b798Ebb43477b5c657963332d640871A0EC,10
0x52F85fd669200D85056e6A68634C2eD41F0d3Bd8,10
0x3C244f22CC2E33DB57172D62d6D1e91Ed644239a,10
0x34ee7C9393A5B85e0E9912d4fe168Fc942971f4f,10
0x3C6Ff5007F93F16E0AE5d3405d3827bE1BAd3f79,10
0x0d6A42558f44279dcfA8f81D22f28794Ee423244,10
0xf93D2EACF248b0F38C4e247FE1877f0a6D4a907e,10
0xE3E58E1306231688561f646e06D4e9A2BFc47Ed4,10
0x54b3E560f2E368BaB5E393bBe293178184263eB4,10
0xCBeafE918D2138CEff74Aed52c0b72507b5135AE,10
0x063608Ef73E787B462c82EB5803f1E1adE50D426,10
0xc3A0177bc8fD591CBaF64fdd6Cb24A5f0Bee80cB,10
0xEc58798556AcFba3dDFa3fD97E52bb5747a0C664,10
0x6e8e7e95b6a8DDdA38c94C96035bF70026DC5F92,10
0x7d538E2B590b937a38799582B31d62c8e95652Ba,10
0x39675bcDb1a20FF7e4434DEda6Ea02D890C2C13c,10
0x68c58d96cb70Ea3895BB9Ed8cC42757d3c7C5AB6,10
0x8e0F3734fe0ECB6CE31c48e97A32aA209085Ba84,10
0x6a8922c97D086DaE1d5F02C4813A0e7DA9a75B26,10
0x81fF39Ee8620ac93BF50b3D0C538f4706D3016ce,10
0x99e7F261c017Bf4190545903D419B7151d5747A5,10
0xf08daca015AC15c954Dd65e31e4D0E40A7731885,10
0xff1B210b300c3f364569c16DEEAB9412a803019F,10
0x455F12927DcC0C3eE5f49654F80D8994d6aFA97f,10
0x76d3B66De31bf0332be200a93efa4bfB61faf64D,10
0x2AA1915D9c96990ef43855Bb778d4BC1fc93587A,10
0xaef9c3E703690F3259a81BE90808e0fa02C38230,10
0xf4c093a5c7245f978394b0770cd01e9b8351c7e7,10
0xEA97fb2a53F15B64001e1DC55686cDb942B00954,10
0xaD31E9c5FE38387fF0e32e272356D4f4954974a9,10
0x5B221706a1226c6cCDd397732EA9e76b76454Ec1,10
0xC526E65F46CAc386Cb56feaAFCAd5d64143938ed,10
0x3b896ced5383ba041012898fc2efb8c1090f0973,10
0x9b35757F3614cd53d8081FA325c0678c15AD342D,10
0xf7cC02A5DE78d5E7763c01c987EA363e9263422C,10
0x004851ef8f1fca46d3bf340fbdbdbecd498417ae,10
0xC24f41c94Ae24CcEC7539925F8E241D2e0B821ac,10
0x5c51ED6E6311012374Ff95FFFbF3333a9d4A8049,10
0x0B7Bd282cca2718aF8310F04214aa907E416e5BA,10
0xC4938609A6Eb32B7fB90cc43880dAdEc38d789b1,10
0x5ffa4d46ed84687f0e326a055e66ad4eb780f6dd,10
0x68D1C2a06359560b2B1DB2ca5eC053c9859BaD9d,10
0x62049852eA0aaFF572356A95E4E5139476A5CFcD,10
0x7298Eb8Dc6DA857526edA1e2A3B88553e506cBfB,10
0x4AC5A34a112f4Ad1Dc048Df87Fc06242FB3Fd683,10
0x6bCbd561347731675E46917D7bCB3Bb054Afd3e8,10
0x5fDe245E8935839dA24C0330285f7A1D8Eb19730,10
0x0d7dfc0100734619f06c41ea68dd0147a9180248,10
0x02caD6194a7C6dc4A576d9e4a02D516b6AF2A226,10
0x2472D1d696CB34C105BBD92CD55d8DD32fD6c2f3,10
0xB38d2eE9FBedE3Ba3aCb617854FAF9AD5c194235,10
0xFB807cF8d06C1460a2a89b4f76655ca2700F6CD4,10
0xD3Ae7c0DDF5c5d72c970C1e644801AAeA856B9B4,10
0x657c80e88d91fB607F7FAfB4a18ddFb9Be8EF2C9,10
0x60E80B513Ff65237145a2AFf86c06eEF45528143,10
0x5930A0ed170c5920621d07769D956a53F6f14Fb9,10
0x6393707a243641A04ada84CecadF3533A797E2fd,10
0xec572Ca3302934F74351041C14a3f4d1d05942e4,10
0x77d25848b2396250df5860ae566F7c341d81efac,10
0x7c7d80b505F25BeA8b06f9A3d83DF0f875BfEC78,10
0x62D35dB7601596bEf81b7a8870822689A4b9D744,10
0x1540ADBeE3B0787c42C8510ab7b3b5e7379eb57E,10
0xa1923aBe48433a7036179dc4Cc9059670B629433,10
0x3759CdC11d4B676EA29537942c846f3b5cdEAb98,10
0x8970c87968d41b62b279Ac7e6Dd2d0899F5D95fD,10
0x87369eA7c20DE8fAe67ddA14aE12A3BD56284d19,10
0x49d0A45AF6890C0C994A39160D330117FEE47b0a,10
0x2e3d431b058bf7a32284eee8fd7683ca50f6c12b,10
0x7762a05f524F1E1CA2301e56907B80a5E3F1754C,10
0xe30f51B2b5A55cA89986654F6E96A627513e7CF8,10
0x828ca23d0954381628dc938a069f0622e4773517,10
0x17188fb9bf1a4b79fc545acd525ae1aeb2872365,10
0x1467044da9f908ea8b3363974881be2c97a68dae,10
0xB3A30D65Eea7497b8639bf48697682dbA3bAeF93,10
0x729934bbf5389f375d9d7becf8b78038bee45b1b,10
0xe893f8CAC67425841A1d2bbdc205F4D80514d33e,10
0xCFF3E72Bd26Bf5A0F2D2ed677b0209ba214318ab,10
0xf93D2EACF248b0F38C4e247FE1877f0a6D4a907e,10
0xc44f60A2e0Caa31FdEb5dc1C425F44a96D15ED3B,10
0xfeEA235F5B5337B50EF5fCbEe3D419D11d23667a,10
0x95b00c25863b79735fFaFE9Aec7baEB0dDA48B1E,10
0x7219486E015a88320e1037606591473e2a950CbB,10
0xBbEb1570fc667C479E2e2B81A1AddA366DEE13C7,10
0x28dfF3109ebbd075c2548D8216FEEADaE70902A2,10
0x794eD17Cc50a19D50fd6713E1486B3AE6016F4A3,10
0x742b2375b889e92e2CED43008BfcE38c92fbbF74,10
0x9F8A68f0E835009e19b8b352e7326C7B7C57eFA0,10
0xad7b95fbb2c5ce2d6033463a31ec39037cb7633e,10
0x2F9EA571b5231B3d9c199Bc4f13363dAf15c553A,10
0xcc9fDBaB96eA3A6398Be6fD95c9F774d5cCCeFd7,10
0xE967ce03581d58b1AbAED675ce6a1c7D9c8c52C6,10
0xB3C65f34F898eb03395C2003fdC2b37bB7d771E5,10
0x9Fa8D35eeB1Fb48310bb88FC863eaCDC40900789,10
0xf39641be7e317B7DE4e5827f724a1f28f6d5eea0,10
0x2ac03b3d6674fcbb121a8b6f67aa18b9bd7d744a,10
0x5fA55d7E84a619e16BA6a8624A611F02343e0f52,10
0x794c304126cd76ea845d9156fbe06d2cef07261d,10
0x6648987a1C5a7434B11E6a1132Ae3927cf9B9e1A,10
0xAdf2b615744B95E974Eb5F12A4f37b50Ff44Bf39,10
0xC991E1247fbC69DF72bE4e3D5A4295a9cc3549da,10
0xe94F4D2a6E8D05d9F7407Fda721B8667CA545e02,10
0x4558F51745f0933E627C858287BEeBD7572bfB30,10
0x57e95b6dfdDf6a61f0B5F90e5Dd1e831bAc7b513,10
0xf88415a32e8Be55AcEB5Da0a486CE5C669661af8,10
0x79470ec0cbf30b63b229d66e20e748a5ad15ca4e,10
0x4664Ef1d96576f07cF02951790b7a7D828660f5A,10
0xCc9Dcd8cfdBFc510f14FbEC8b1fa0AD4bFfB878c,10
0x5F1B811fB7a7abA395375221556d61C4f1561d97,10
0xA9f655f17136BF8063d1D65a9b05F0e1d1021Dbb,10
0x6309619920a5db3A08F71922A6564E5Ae0fBBCe0,10
0x48319364BAd6f5c5b2E83a7C24aAE657AAEb5FfF,10
0x60a37d36c9e46d29e54a2c5a512f9a9a54dd77dd,10
0x5f33ac29191fa896767f52d45e321f8d22fd556f,10
0x02419C64b68652C26Ed0A98be7C076EfFd521aaC,10
0xd91296bA53EEa5EC45968A623F1BF1bCca1B448B,10
0x7E20e4cd1074268D1af0B47f0777919F5d95CFB8,10
0xE73F1ea7fB18F9179a1fFB662dcE962d18412176,10
0x6C90C827F7ee7EA1FDAb46031b436568cD12D659,10
0x0a008d80891d32c853D800675219078ce69AD300,10
0x7f468136084be228b4f78a76566eef51b636552b,10
0xaDf1Ddc441517aD95551c56Bec7CbF3E09a83cb1,10
0x30791f1af3c6f30cfa836b56692623b3b9cea460,10
0x0d7dfc0100734619f06c41ea68dd0147a9180248,10
0x2472D1d696CB34C105BBD92CD55d8DD32fD6c2f3,10
0xdAc5BB1111290c8788EA1BAa850e9241a2A15b04,10
0x9Ec92f624C49F67d40733F8c66B881e2d21d0356,10
0x7B8fB404757E0a43449493a579bC0DEF12c824E7,10
0x8cb9b01bF6cA6a2D30ec4EbeF9c3E085928f0E65,10
0xc85e0C41F77b45B44723203997e05e80740C85c8,10
0x5614f436c30315497a1c6DD56AcD43C6ecd45be4,10
0x40d68f1fcf4710a29c9c4b8af8206969b3331ec4,10
0x71Eb0c8Eb23E0AaFCBD3125115A9C053b06D0272,10
0x44ee7ee548ae51094f202f89d3470c242107cb5b,10
0xE19F2f2DBBd5967294e85c9cCB6E9f88536f5797,10
0x7B8fB404757E0a43449493a579bC0DEF12c824E7,10
0x9F9dCC5aAd3A70Ef75BAEC018FD5a9D46481Dec5,10
0x85A637bA57c37EC063F5f8BDd431a977583E4a4A,10
0xaE4C01904E6dEc96d96b11D62074b04E0b75ecB2,10
0xB04694E231a0e252a79307AB0Bf4A0C7085C287a,10
0xCA4CF10498526Be72A1ef65aB17b458904Ee6A4E,10
0xb8e5e8D9224255a59a1fE9588610C792e433f438,10
0xc7488f4D9803711672608683f06CE007bA209ff5,10
0x58d5045A91Cf2748471302EA3d25b57ED4e5a7fc,10
0x2562fDde7d00754A7cC2d31778C01b27782F3195,10
0xB63e4C61a5cc8a25341c7d9e4A1a737aFbdfC02B,10
0x784657d01238f851225ee99323cd78a07b0ace4c,10
0xb5d252BD29CA6a8ce7651ABa556f00c6B0B5E0EE,10
0xE2F97FC403b17002EbEA8e9508718cc7385a8295,10
0x0E2FaD0CB17a1F984300D193E36c169FE9Fe06e6,10
0x7A2650dBe2f71AAe59f059cA0BfaC4012b6fa3cd,10
0xdeee0d795147d5d71c3dc614a811a1086d4f7604,10
0x8CCd5e5e5f2A2A32fd5bB7c4D72D2d87F4f7EC81,10
0xc2a41F8f948DB6DA762C1148aE939f461EC20b40,10
0xA108B9a6655338cAEb4744E79b12c34f939d7b10,10
0xf4c093a5c7245f978394b0770cd01e9b8351c7e7,10
0x6aa7da3c013d59d7bb55e27482f685b3ba12e9f0,10
0x2DE9E0909F3263e3bFB09b2230CC456B2ecEd9C3,10
0x9d6f84D8A62d919755EdA6325a849e57dCc44eb5,10
0x6309619920a5db3A08F71922A6564E5Ae0fBBCe0,10
0x6E5613e5ba64A643533D073b8724c34b8C5B107b,10
0x7E20e4cd1074268D1af0B47f0777919F5d95CFB8,10
0x6D25eB10BC4d5dD9E596F2a5CC1E14923f47E190,10
0x9C6b41adA798AD9DfD54eb50EbeD93C341F93c2C,10
0xc96f98895C17b4B30e401CE5aaF8d17c224D3703,10
0x23608d4EEE297C82dbaa32C22E0fF959Ff95Dbf2,10
0x3bD044b9cB3c2416648f28df2cb4b3181019cCcB,10
0x2e1487062172c207fCef3d7e41263B3F8448b27c,10
0xAC3f836353649BB66021689CdA2697ABFa8205cf,10
0xA766954f9Fb205c44b35C801c44A17A9DC108F0d,10
0xEc05fA303CDfB70d8c8aDC54CE1CDc6B4cA5CF74,10
0x3A5135D5ea32a4a32e665e4b46Bc76097553a0Ca,10
0x54b5cf79bE837eEE2348Cf6Bfbb5b4ebEB177ea5,10
0xF069bbd2d1F7e9B3e7E1Ee5b166b1B81B0705DCB,10
0xf7cC02A5DE78d5E7763c01c987EA363e9263422C,10
0xB38d2eE9FBedE3Ba3aCb617854FAF9AD5c194235,10
0xc87c62fcbd514f6d773668d512270d7415491340,10
0x1354E5929D0e2540E06e78833F62F23F984960e3,10
0x9F8A68f0E835009e19b8b352e7326C7B7C57eFA0,10
0xf87e77fcadBDfe4651e067E8aACa341562B89a26,10
0x2427d162fde34765e1cf570dbb4d0d94c5f9e8b0,10
0x1CfB5c47d2fc0f4181D88BA902BcD0f2195C89Bc,10
0x8970c87968d41b62b279Ac7e6Dd2d0899F5D95fD,10
0x5dcEF826AE2C715DA1c1De9A94770AB3D84e3e61,600
0x4DEA7d17e357696750E6b4CB7C9Ea2A6aE253c47,600
