5,0xCa6042e266C3249551e25E0C95d16c59375d926A,
5,0x2AA9D090E827d4dF2fa33a29650d88be2553009e,
5,0xE94Cb79Ba6220b904f628C96bd9E8c1F44d21d65,
5,0x5fA591AA667e21a929ff87413b7F92a33E05b8E7,
5,0x85De76d03dEc360eA64C3198aCA9EAA2E2C37545,
5,0xd7FD555Fc2Ff9242F922DB89b67124d39fBfD01B,
5,0x51Cf74474344CD1B978b2282DE190a6333bf6a98,
5,0x31ECDB30f31E008d521d832ea33dc3D15Ff806a8,
5,0xbe73Ab44095eC4e91C406Ecc19b53d3bCCdE6a0F,
5,0xE94Cb79Ba6220b904f628C96bd9E8c1F44d21d65,
5,0xeB84b3f8f845E4351955b8e75607320Fd24D23Ad,
5,0xb297cc368a014113b33f69ef25d3762d4105ec3b,
5,0x9ce37699935db1b1f694fb7724a45466dd1b773f,
5,0x97ca988E644Ef4F943eE48b677c824F670D2f41c,
5,0x52C4B6A6349F262FE13d35a7051789Af313e1217,
5,0x2bbFe5650e9876fb313D6b32352c6Dc5966A7B68,
5,0xf7cC02A5DE78d5E7763c01c987EA363e9263422C,
5,0x02419C64b68652C26Ed0A98be7C076EfFd521aaC,
5,0x4A940d4167EBaC734FD4a92E062576cf327AA437,
5,0xff1B210b300c3f364569c16DEEAB9412a803019F,
5,0x12A2E3C6F658A58142a9552526B251beBbb3f2ae,
5,0x3d2c85638beabc1295c7221d076c05262910268b,
5,0xad7b95fbb2c5ce2d6033463a31ec39037cb7633e,
5,0xd6855E2904e0f2A34C528d675186BbD6b5ED9880,
5,0xb26d542df2835b9c416FDc258B4862F84245EB4E,
5,0x0E380A3A451baC61a28636E9e85ABcBF57F0fe1E,
5,0x61a0DE9D6483d7F13dbf1eBE5426469971EEaaAd,
5,0xD1cBb547B88f019a41e2EFEB60c07FB79e79AcFA,
5,0xCBeafE918D2138CEff74Aed52c0b72507b5135AE,
5,0x56D1C4dd1A894E66Ebd6b874568dF029E438A5e7,
5,0x5180DE42B7820837b452e3932E2B57B883C6697D,
5,0x64a19f37f9467dc26F63360BE2AC3512E5dCCa30,
5,0x00faEbeFb1af8805C6283AfbD32E379ec1A1E483,
5,0xf08daca015AC15c954Dd65e31e4D0E40A7731885,
5,0xCfF2e1C3E7dAf8905e937AC98453539264B2165C,
5,0xFfc53D5e46C14b7CF36544DdA114aB812DBDA6Ca,
5,0xA9f655f17136BF8063d1D65a9b05F0e1d1021Dbb,
5,0x04d2D84D40145fB9a548d3b99D44F2DAe4E63B95,
5,0x6D2B92762C9FE91B4e62D42FbDF99B7d48C9c432,
5,0xc8e6AECd1e1074EbcD8659AA7b9227a65Cdc0fb3,
5,0x67D83FDB1635bfe58E29423669a8E69823E5E9D7,
5,0xDDe58829319ac58420A71992587153aB49A7650f,
5,0xB546B6b0fcDCc63f64F0e101663B3E436Dff7b16,
5,0x60E80B513Ff65237145a2AFf86c06eEF45528143,
5,0xf4Fb8403116479216023BD2C8c86409bDaD067a5,
5,0xA7D0851ADA0B5BFb04C68F16f02D4A16B094c5be,
5,0xf7cC02A5DE78d5E7763c01c987EA363e9263422C,
5,0x421cE8DA35bf35a66183Afc099f04484F61629d2,
5,0xF148eBe4155b39c03d67CB5A065e9C9d0D64C8d2,
5,0x8A9b9A5b3b1328e563b04cB21fdb89dD4A49CC84,
5,0xe987fA5B20167c6d7159324387E314F03fa4A8B0,
5,0xa527c323f2CB7704e84cfEA27D595e6e0e51D5Eb,
5,0xe893f8CAC67425841A1d2bbdc205F4D80514d33e,
5,0xcc85d5de49aca085058db95f0fb4e01e12e952fc,
5,0x46f50cDa1084f378BaA041C8B353f680A6E7C687,
5,0x26aecFe9C2c8159C68c8eDaF07a56e543aa0bF2c,
5,0x6D25eB10BC4d5dD9E596F2a5CC1E14923f47E190,
5,0x51cc0fff2c2f7eb5c5a60994ed56b5d066b4591f,
5,0x7BFb0A27CaFBF7167dB866CC21f16D4A85F95734,
5,0xe0f0b3B0478211A6382F699F929cfdEEa430D57E,
5,0x61ab90B09c9486C44BA1eeDB76d36f60640578C2,
5,0x75e7f42306378E8bec091E79b41A7F36FB6Cb2d7,
5,0x6a08022F9fF3AAD55eeAA4257B02375146f7909d,
5,0x49f74133c07169d3501e801581cee43b01f3960f,
5,0xf9A3a6757CBD3A9288a453B85c10eD94fF055449,
5,0x9bc6816Af9808672aCb7C4483CB9bf45c451Ac51,
5,0x675581083b0aa12b82A7b9bC55cfC1422a6f745D,
5,0x70864EDa440dB94F5Bc5894ade0070410aFf3b29,
5,0xe51a88057af234420b3b5f72598d7f67c2c94156,
5,0x024a2Cb80373cc21a650E50420f7994a95B18243,
5,0xFfc53D5e46C14b7CF36544DdA114aB812DBDA6Ca,
5,0xA374392bB23B5130fE1b3229eEB094B392Acee25,
5,0x259d08Ea63CC65FD97d09D6B3D34C3F07D39e3E7,
5,0x61ab90B09c9486C44BA1eeDB76d36f60640578C2,
5,0xCFF3E72Bd26Bf5A0F2D2ed677b0209ba214318ab,
5,0xD823b19B841eed4E4ba5301e5201Df4015115CC4,
5,0x9fea6A40c55462F469300a11AC69cB36B59ad34E,
5,0x2915A80711C808723a188C61b3C27F9e0387e9A2,
5,0xa57f7D001F0c349467CBA3287D854833736aF627,
5,0x4E8D99F6F1165BFa498E09a7Fe1c7F1905763873,
5,0x6fc7C2627BbD01A1a92C9c04Dd911fE1dc2b07d7,
5,0x19A90417b4E1846EFc1cf32174F7b72f77108b13,
5,0xD97EbC8F4Cd0A8b58c6848d0AaE127730BAb5EAe,
5,0x90599Cac62B9C93e8414BB9Aa0f727A882048Dd9,
5,0xc2D88883a08aaD3cf5F10233D4558af0E44ADEa1,
5,0xe0A6fB6447D3beEE4d382E711e51dF299ce47116,
5,0x5bC1790E3aBc2D580AAf903cBDc0fc903B612445,
5,0x4b69D0A077A19Bd76A41B32D70f71B8C88Ba2F0F,
5,0xfC2b01686651DF2E247465Ec0e56FAD2A587B3b7,
5,0xE9F686897B30207bFCB5Ea6B50888de193E338B7,
5,0xfB293662764C29B7C695Ee76D83F0997CCe8D4fC,
5,0x909B1a0893904A286b429E8b0C760353309ABaE6,
5,0x91055fD1928C1DB0e702d3a29A5d6c41c76633d8,
5,0x29aC84B0b027641D82f2F2078Fa290BA81b5029E,
5,0xD64BF0DBb62f381D59CA98fAbbe6D9454329000d,
5,0x5780f205Df7885D8de679A84b3d2C8FdA99ab589,
5,0x34E51d6BaE813f7aec9e66bA9934d38DdfDF60eA,
5,0xc23a49307611C8967D35923cB0F56154a3b5DafC,
5,0x67f8e362bd0bf53e98eec08913a5bfa6b1755b48,
5,0xf39641be7e317B7DE4e5827f724a1f28f6d5eea0,