0x811dcd8e106403bC06264D8C5CED8f8bB17df933,10
0xCa6042e266C3249551e25E0C95d16c59375d926A,10
0xFA9BEFC3A9841B7aA92352583E3D2db5c26e7147,10
0xc7488f4D9803711672608683f06CE007bA209ff5,10
0x4627E825BB05e18f3BBD52C9635392935Fd739f3,10
0xA727A09AeBeCb60Ab52019391A1Fd44C62B61bC3,10
0xeEc53954eA411d78ab117e0F1f3cE4352CcbbeA1,10
0x94Ecd733FAE45B2CA7399168e7DBa2256D009bA6,10
0x0cAD95d3155e7Cd9a29e5F9361F76aA8f70fC573,10
0x0688D185914991c9F24Df7dbbAb08C37BFD212D3,10
0x1032c7aec244e0b2bd8011817f54d9fe6bb76de4,10
0x40ad9B132Cd4b5c17bDbd5701Fa9296b78482d99,10
0xd0aC000f9b1e89F00bFa3F49aD8EbFf727C4BC66,10
0x68B39dBE1B9549b29f8Fe94fCf0288A161dE3F0F,10
0x90e6eB9b7a6fdEdb1A9C80291337189484255849,10
0xba869c0B27561b343F28796aCb3b4497636E5a71,10
0xE0024B702698cC329dF05d8a7882dab6500d34Ff,10
0xA9AeD025c5Cf258736edACF42CD0c8eEb5E0EDE3,10
0xad110037138eb84d5d72bd35d781422c594938b2,10
0x618DEDe5A04e7a06179B8c8c2C20BEf62940B1d8,10
0xe0e9ad2ac3e319f67d6224efd519031842d8847c,10
0xf90aa8b3463105770c8d4f6e7b5359322e6c628e,10
0xB2d3Dc9809caae00c43694d06967537f42B92fD4,10
0xD6f1A472e74Cce5aB43d124bDfE8fF148978Ae35,10
0xC4E2729Fa1624D6EAD9b24F5145Df45510B6418C,10
0x4e82477c4997Ca76475850B33FA9f645473d40DA,10
0x4AB9C9c38875513245C92e85D951435A00492Bcc,10
0xE055E7d43e939F23e613A4d16559E14C1f11bA9f,10
0xFc4c9878F30447F923EB731dF175a220430f85cC,10
0x7762a05f524F1E1CA2301e56907B80a5E3F1754C,10
0x0502bc37952fC16B7F577221B71C932C5188bB7b,10
0x4449B9248565ea02af352Ce2d022C591dC18780d,10
0x64ebA73D38F101c45Ee64ff9334748318F49a803,10
0xaF1CD996629089A9Fef95C79Cc901DbB1134cb4F,10
0x451645950a6c737743d28C72c88016f45B504639,10
0xeab3923a3a7e805E3b998FDe5fAA3dcA5DB2EC30,10
0x1f543411b0182db03b023eaE09c90C7d47B5b36b,10
0xc6A2e9F232D1D89113BCF6568BF2F94ff5fa0416,10
0x61aB734681b404c9bbE6958565B2652685A8Cf7D,10
0xB37BdE7f7aBEd58007a12CE5bF82Fb88f2A82f90,10
0x93a34b7064c8956B9a2920e69cd1e8F002eACEfB,10
0x269d9f64DAad1afB0470E2ba701f1773Df35C0fD,10
0x35A68CbDb4DBa4553f9118563ACe9A28ACAfCfed,10
0xFfaa2dD3a3C2711D47091399DD4E45D117915E8A,10
0x32c4a5575b918078c633fae48df32607eb1923bb,10
0x96da465A78EaeF514FCdF0A9B47A694dc875b989,10
0x58261d88c2b2eA9F9290C9f01978Ac619A1C84D5,10
0x005492FCf3dFb9dD7352781A8da7387261A73427,10
0xDa505fC85919C036806bd73006e0445e01343617,10
0x61ab90B09c9486C44BA1eeDB76d36f60640578C2,10
0xe7bA1668d5634821e571F9c8A17F86fdA756fd0D,10
0xE7e3dE80c0e0B43200b58ACf1914eE79Bdf3f8A6,10
0x5F9E3b1f583b6502ED5deE688016E4e943f6c5B8,10
0x26E2844C326c1c2507D5cC8d4bAde5e292fd92d5,10
0xd252b004255992bB084a85d934f6545855a0aD41,10
0x359D9E39d3868Ae1ba0b8D48a18bB0980d50F3E1,10
0xa05A58c52986b52b87146eE583ee3aF92913F97D,10
0x7a7b1924e6f0768A5144AE9B4b50d06aAB48c2ED,10
0xa43ee182497c9216b00e6d2da38639fcf945e480,10
0x8F76853635Dc47Ec46211243084Ef6A9EA256583,10
0x0d403E70BBB477216016DBFf0f9E30afCae3497a,10
0xfa4a24E952c2299E455f4507a02DE78835822F8d,10
0xc369F59A58aDD6e708289D1010D75fEd050f6b40,10
0x56ddAC837b8E04e9445FC32372E67aD14Ce461B9,10
0x705D97DF9efCD507208D9BdC01A04E69Ed8bf171,10
0x47B27cbd6194762f4607251ED585d12B352A1602,10
0x05eB782Aae62977D6C8d2e34c44127F900fAfa30,10
0x02ecf56f8df6b6c956eee3b325ef46421b87067e,10
0xff1B210b300c3f364569c16DEEAB9412a803019F,10
0x692D2C9c218Ca9f872CEb27d8D5b67bb6952767a,10
0x737917ba248d63Af637ac4f48531eeE77E100d0B,10
0xbf26cfc401bbf6a3f0cb07b2979d4ff82585af1b,10
0xaAd3F4fB91776e36a42B68530dE2eD49f6A8883B,10
0x9F6257d23183BC9327CEC95327680C349Ac8C2D8,10
0x52671a0AedcCf7DC6AB08c6E42B7d71812757727,10
0x87578C13b20e8d3FfAe5f043C6Fe1E69c6580d66,10
0xa226Cc64BbDF63B20A4c266A2a4127989Ff045E3,10
0xF0454498cf1b0D1F23146D90556F251E230E688d,10
0xDaEb04994de81fAdc40F4e0a8Ef9782b49797E54,10
0xc369F59A58aDD6e708289D1010D75fEd050f6b40,10
0xf2199ce822eBF743DA7363f987Cd4bf7256841d8,10
0xA970448Cc806822A087590918Dbffe9dC8D39cc0,10
0x0B62112b058C68E0C513B87966Dc8ab05245A3c6,10
0x549f070D6c18bEf6F23C06f8257612253604E6Bd,10
0x0d8D5e7f77D2a3993506d89B5FB183AF40980902,10
0xe51a88057af234420b3b5f72598d7f67c2c94156,10
0x6393707a243641A04ada84CecadF3533A797E2fd,10
0xe48b62fa383b3fdcE1F153755602e86536cc85d7,10
0xf08daca015AC15c954Dd65e31e4D0E40A7731885,10
0x4669548f8eBFBE26Bb0b526502Cb6586eF4B3BF7,10
0x593fAEc9D4B1166196a417EbcB98b143E8876800,10
0xeD1917b0F2e881b4dfad5e0F9d5C6027c790f5f3,10
0x8e72b1dD8d72d6f2167683ee69203C3fE78b792B,10
0xFfaa2dD3a3C2711D47091399DD4E45D117915E8A,10
0xa45F1074239aC9e42666A0dd78b1AC3B5668a6bD,10
0xd3ce367d19A7b2ff3b688371f6dE239a6Dd2451C,10
0x95aa277b899550d1fd780a0e789ab47bb0751aef,10
0x556E74c6e9Ad588F622679429EFA8755eDC07aF1,10
0xbD06FFBc94b8291f8A14D90380a0d0b8596878a5,10
0x5066cf4Bea7C730A56d3eE6B0007382D7e711808,10
0x814b69439256ab4e08ff4b3ae062660245d231fb,10
0x7F6bA1D149F817A902674bCbC701F795D70df8ef,10
0x0de592F6d01Fc20640fB0d98f630586D7F3Cd502,10
0xEC37272Ea6dBC4cE74A29C89907990A3e2523c7c,10
0x48036644239bB32c2f8FAbAc2976B816D10b9726,10
0xE7FB5471c5dD4f24a0b57100FA31543b5fC4d202,10
0x837Cfc27173eA92a5f9286ab719C0Ea845A40Ac7,10
0x2327a6444CD8db310Df525872F79dD6F032Dffa0,10
0x8Bd1cb89aAff70AF29D261DD4c6C6f5c56a608F8,10
0xA56C7FFd64ce29e24594Eb1b3dc4273Bf9d620d5,10
0x39f0043e0a987acd6bf5f334803a0db758973dc0,10
0x6fc7C2627BbD01A1a92C9c04Dd911fE1dc2b07d7,10
0xa5e9d94af0a928f95dba3ad8203fce9d4b5c492b,10
0x47eF61b285a6d9Be7DC8500B0277A9f7Eb657Fd1,10
0xe0b4a4fFe935cb84771E8420420EbEb93becF650,10
0xA69414871814A6F8AeA7EdD9E4f1282C6EafFE18,10
0x179B2046B5769c6b7026624ee560769e73Dc894C,10
0xf19DD0E2Dac09B8e6BDE182F05DA4db89Ee350A5,10
0xE47d41Fb18Cb8947410b5F6a84404faE9AF5098d,10
0x45169F23e2c916Cc7A9331303A361c9000A11510,10
0xa40817aC888c7230A8de3cd8928d9Fd0a87De4f7,10
0x5E3292af254C4f211140b7dfcF55F98602A305AE,10
0x3eea8afad11cbbfa315b5e1cf654baf7390474dd,10
0xf93D2EACF248b0F38C4e247FE1877f0a6D4a907e,10
0x4b69D0A077A19Bd76A41B32D70f71B8C88Ba2F0F,10
0xD5EA6D9a33Afcb8d090192E4b0330908fDFc3a82,10
0xca5e8860a7a9963a2f40dc5a8656e2a805da05e6,10
0x6D7a92618F496E3E926F243280984725CD2d78f7,10
0xc367f69e33E1eB3489EB87E805528ADC6d6d6584,10
0xC4938609A6Eb32B7fB90cc43880dAdEc38d789b1,10
0xE1E7e126b5c0379F6d49e4e72f4e00583d290387,10
0x7ae6be3ecc67cee3654a40d9fcbfad3a597a0004,10
0xa7A13638633B10C51588890b917d3e243D4a5FAb,10
0x02CAFC22231eF8A0f403F1c5Eca12c8BA33AD781,10
0x6307808BaFFA8d3Da8095f9D7DC643038E62F15A,10
0xaefC16EbA4267E948bF9CBCb8868E35FE255fa73,10
0xe1e0c813293ddbf0fbfddb1025e8a35f160579c9,10
0x54676156fcaE848A80dfedB6796E40aaF26BAbfD,10
0x07f433D62ABa7A788bC25b1A375C8c4a867C4635,10
0x22389207A86B692776f0848067C4E8F5d3d47fC8,10
0x0ae052D0D7906B9E31AA5a7146Ed3115e91096c4,10
0x856d4c13AC81978a66bcfBA082f3047b0DF5794e,10
0x9837920a1415b4433265E6513C51D0e76488e0C0,10
0x87e805Ee165EFa1D7dEC1Ea97c1b7a136fFB5926,10
0xC944093e199a416451e2036FB55f363097cD887a,10
0x48F1fCC275Da8052D1c437512Fd2E37317aA8Ec8,10
0x865D161E7Cc21F5724A61b90bbBb1783eD16E379,10
0x95a4b317be52230305c1361d408f5eb756fd7344,10
0xFfaa2dD3a3C2711D47091399DD4E45D117915E8A,10
0x7B4B2cda8Ede71eF3bfBc95CD58F8D8F41d3f2fE,10
0xE0c7B4bcA28eABd4E6912fD520878a32dE7376Be,10
0x7592127e3E5c70AdA7A5d9841F4BA5c0aD1F42bb,10
0x416B8553fEc9950A4b1350032a1eac46605aF2BE,10
0x28F56df179F42740eB065573175C4b3856D073E5,10
0xC4500694A1690bb63bD56c6BC090a701B07C6A1b,10
0xe27488fEF752718848c778580F8194Fd5564f63d,10
0x3bD044b9cB3c2416648f28df2cb4b3181019cCcB,10
0x988bAefca15425F4e8a725550d10F01609435956,10
0x730222BbB8Bc0FAf26f40dB6EB378AD660CddE2f,10
0xd1Bd2C135A0A5dfF157b22ce2732F2Fe7520a0c5,10
0x67281d4381a24EFa020aE0277E2D864C36c6f971,10
0x20347Dc2F769B20Fc66c8973404Cefa8Df901346,10
0x1B8642938CCc4166F451020f0C5162749F07CF38,10
0x5842173b2903dde8a8450fb6096129bd8b0aa5e5,10
0xfd428af864ddb67a5eb3efb992d40878ad5ec0d0,10
0x61ab90B09c9486C44BA1eeDB76d36f60640578C2,10
0x0D9CAfa2E06F02f68022a1B93B2562e9E097925c,10
0x5F8bB6Db8BAeB783422B3f8FA27CDe299E3c6f12,10
0xb513EB5B15F12a8D3E0Dfdbb6De7509175Fb8a1C,10
0xCEc7Fe1c3a3C85345C810f094b64d97C4cb4F4Af,10
0x3e8Fd3d8f06c219afF8f9694f330ca995A860bCD,10
0xD619D640Ad5F68C49fc13792216cE195829957b7,10
0xFfaa2dD3a3C2711D47091399DD4E45D117915E8A,10
0x2efD5bDA6EC9d5FD648520f4BC5922C043b2b80B,10
0x0dE8a328Ccf7636336D69954Fce957BfeF5961BF,10
0xFfc53D5e46C14b7CF36544DdA114aB812DBDA6Ca,10
0x1864C1b842Fd48a662fC2647f60A1F192cC0aC0f,10
0x6D1095B88Eb4d66166A631e815869B9BA973348D,10
0x39b705e2a5dbee9f46578fabfaf3573d08ad3862,10
0xe8743b76D1aaa0C259B5B91F10dc594770B6a08c,10
0x0c55f6527adfF727F1d9b1Bb2c556e48f67A160e,10
0x48BdbcDaE7Ad75B010553F015050ab5A5b39398B,10
0x4Ea71baa14d5461614827c3DD50e7c9e7a1aC672,10
0xC83608fDf96c7Ee47EBc758e460F3420215E6F93,10
0x4057B39a3684c8376FE4E0CfD6560a5a1fF22564,10
0xB67Aa8E2f10868FfE3e2c6625C98491468990619,10
0xDf288995b6A86ea1a95637950bf133db5A0FcDA5,10
0x358f44578EF4AE6A388e48CEB5909Da87a0Ac815,10
0x790c26ec278cf05b8005fAb9AEFf3af88302C3aa,10
0xFfaa2dD3a3C2711D47091399DD4E45D117915E8A,10
0x1E324b2DfF89519688Cd28865Acf372Af73730Db,10
0xACb5E28f7A0528d8729D799F8DdcA5eF7623C23F,10
0xb4eE4C21F2495C56f0BB0775ac5199209619C3b1,10
0xc86E95e572669B74ae5815Ea2303fD5162AC74Fb,10
0x147bD1F056294730AcEC88Db4e5B9dd3Bc84D47D,10
0xb4f563E6F78C827Ac6c8fa25218a7B6E16d949dA,10
0xC218F76C3907a17fd2821f90ab87f08D458C429a,10
0xea162aF6B1e096104fde3eE8D7c4277540669819,10
0x7ea992811f556b6908199d046dddff1043be1213,10
0xd4CDA772F7cD657bfa9574BE5777Ff29a0FD9C1F,10
0x95c62dd06c99ece9e5567587a9e0be304d1512c2,10
0xf443fAfe34E0A48ebBecED33b132EDED0AA3C230,10
0xB123315B73157998057DffBeCfd444FAF0FA41b0,10
0x649Fde9452C745f834E3016faCe789B760E01Fe8,10
0x43EE625cB9D63245D31bDFd590810FFd1f72cbE4,10
0x9AD46C03639e47a102f66B30ED4f89b7ce2E81A2,10
0xAA431D78A8b578B6E392bbADcc3EAa87033fC7dF,10
0x3A185fa60C1Fd6F931E6d5b93b3557487D062408,10
0x4Ee6b55338356eB49a1769148dAE95Ff265698e8,10
0x1C0D637Ee9699e1796524aFA5254E790B7dcA6E6,10
0x5052368Ff839FB66B9b136F1f000F7D4D176Ae7c,10
0x0ae052D0D7906B9E31AA5a7146Ed3115e91096c4,10
0x0d403E70BBB477216016DBFf0f9E30afCae3497a,10
0xe17d616d3e9af449a6388f04498c305317F91277,10
0xd6b2DE36825Fbed2615203C6b495F5e82e8Bd20f,10
0xC26D8f7e243ec63c5870FCd4A54c7a695579b8E7,10
0x5FDC8A8d64268b9d7bEaD47FCC75Ae1cba94c414,10
0xEB647Aa18434a6ff1362EB56cB781FEb6c2eB3C4,10
0x8673aCCb7f7C8A1E8547343697546493981C9828,10
0xD9fCfE0050ccA1790F9debA1d72339cA48B5d25E,10
0x2A8f55df0d4c45E04695995E3727B45690dA0296,10
0x1B8642938CCc4166F451020f0C5162749F07CF38,10
0x219d14609b735932B7C7ECffcBc0C2F3C1234Fb0,10
0x9FAa185443529D7a382599bb840fe94817a80fdA,10
0x1283abeeda1Ee5a26e1FFf8f7F508934Fd408750,10
0x38bC750433f3352Ee26971bEc94Dcb2Ca1CADcA3,10
0xd1Bd2C135A0A5dfF157b22ce2732F2Fe7520a0c5,10
0xB068372a98AeBA4Df88B01133964d4ED790FBceD,10
0xDf091AC5fCcDaf0e335a146c705b401a9c3e3b81,10
0x0a4AB3dF874C57ED8cB04a031AaE47Df19759692,10
0x78e294C68f0e7B991E281f784fCcb41B18Ee4E58,10
0x1D6Ac6ce9f53C4F9e6799Bfd0B3f046f69eA1dcc,10
0x4d34DF322dD534D9b55F787e2e764e98f59d73a4,10
0xe3cc3F5461dB79412DD0734A76536E0236d7cAeE,10
0x8B6D890efd665F0289AA69b593F146E9c142436E,10
0xDd460e1deBE66718F04C0Bff8953388C28F83a60,10
0xC4500694A1690bb63bD56c6BC090a701B07C6A1b,10
0x4ebF1fD94Eb20d604f433F268C0a12DAab8681b2,10
0x9c8e46Accc65A2c9D25c74034A1FcD29DaD31559,10
0xcFBC646Bc8c8F4312B53Bf7F32e9AB2a8BA2D51B,10
0x506753514D33d5C2E6F416A2bbe08Df28B9Ae51b,10
0xfeEA235F5B5337B50EF5fCbEe3D419D11d23667a,10
0xB0E4a03f057C8c27e5493F4f742266ab4389c2c2,10
0xF4E8E28FDf036DeD1A2fdE128EAA9Bf847e4f9d4,10
0x52A6e130C95028C7F4a374ecBf1307E0675C0FFD,10
0xeff2009102c0811A223Bd2d962bB84BF862500A5,10
0xC26D8f7e243ec63c5870FCd4A54c7a695579b8E7,10
0x71e2FB38c2B9040D0014A629662B3C2b35F10D9A,10
0xfd974DdC7F49B6803390C1A4aA4fd8b0494e38b8,10
0xE01D3aEED36eB59C9321e4266B561D8588C2c5d2,10
0x87b026416A7591F82c4833B094941DA0A8bc18Ac,10
0x1df4Ed6D2F35790CE5FE96cC1812D6D74Fbd6a45,10
0x6F6552249714A7c3088412E366C022b122F503Ec,10
0x80F216Cc03b746f2D3e1D6C9e9Bd891d8Fa33985,10
0x19c6485D46e05738B81775b5d8f0C49B8840d66C,10
0x8e300c6dE34Eec42f74356Ef74EB4972ed46B7E0,10
0xa600f874Fd9DeDB7a7420BaB3682Dc3D64ff2D61,10
0xF069bbd2d1F7e9B3e7E1Ee5b166b1B81B0705DCB,10
0xFfaa2dD3a3C2711D47091399DD4E45D117915E8A,10
0x5Aaf83f5F94a11698CEada816163F247562F0DC0,10
0x835df352342A51E8C032278A6cd17072888d9669,10
0xff54c030c02455D862Dc1f7017f7d5e9449eFB46,10
0xc14D5308D9630C8B8Ba8d595b9Cf4134CA9Cbd45,10
0x91461c45fd56156905bFE9fbE0dD056Ebe64d288,10
0xD921aD8bCde17E1b340D79f7F8FEA7083789475c,10
0x80C02d84738be4c2020CDbAaa188Bd58b7ac3D29,10
0x2228Ae7e7d7E6312dc07E11CC3423A3Fe3F47f24,10
0x230330b5E8c7209c6ECFCb9Ce22C77065bf7e2Ca,10
0x54f6C4535e09D9E67BB49835829037aC4Ef42e56,10
0xC57F6F798C3395Ee3dF93c07ef40037DA04CE531,10
0xCfF2e1C3E7dAf8905e937AC98453539264B2165C,10
0xc369F59A58aDD6e708289D1010D75fEd050f6b40,10
0x31b6a7d93036679eac33fcf3f5653a5d41093966,10
0xF8EF617b9e353719BD992a6B9e4A8113fE8FAa31,10
0xFfaa2dD3a3C2711D47091399DD4E45D117915E8A,10
0xc06883077c2df22099E72A8f16709e46d9AA05a4,10
0x5981f1B17D0E922A20dea8C9927C687AE15B248A,10
0xFfaa2dD3a3C2711D47091399DD4E45D117915E8A,10
0xc02fCDFf07fDE0583983279bC9f7c07C6608533b,10
0xDeCbde8d3055ba75C1c866d6B7424fa5Dee6aCDe,10
0xF8EF617b9e353719BD992a6B9e4A8113fE8FAa31,10
0x8c24245D712a5C01dede609Ba0bBA659Ae1f7b55,10
0x7e63F05419BC39F09108FD379b91a5A84c0c5C5f,10
0x81fc9086F7b51D623E1997a96f2e643dE2b832d8,10
0xC6386F69bf9CA0616Dd7eFC9fe7C466bFe519274,10
0xE2252Cdd2064d7180f5dA8315f10A48fa691e1c9,10
0x1F54199f0E2b3BBbeF17035B227fd5b205Ac85f5,10
0x9320ea46E6e9346744827060D2682Cf6D96b1fA1,10
0xDf7Baf7c7199d96FdC76C0D0E192c7a1DCD5F1AF,10
0x6099d2f09d51F0A40D8C2fC487147791D12Eb37E,10
0x9B9C08d2CA8EDC212622F16EedAA517D4F20f25c,10
0x9176FAC13cCd11D75Ce029438738Cbf1E02bBA9e,10
0x1864C1b842Fd48a662fC2647f60A1F192cC0aC0f,10
0x1540ADBeE3B0787c42C8510ab7b3b5e7379eb57E,10
0xCaa2DD49C781cA43a9ACf257434aa29c26ba28f8,10
0x0C78BF3b5DA90e93C22B8B41666f8B30472358C1,10
0x96d2DD580d035708c107b0551f70B6610D86Ac67,10
0xAc2f5CDa9aCE125DFEBa04d7CA4380Be1876d5E7,10
0x957c7045c23329dc04925474f054a99df6e3a06F,10
0x31f03fD0FD52eEC1C6616469dBa4879c1fa73A68,10
0x353B2a5C540C6B90533d766e6c4736Bf54b10Fd4,10
0x7518404D73Ca350F127b847533E08b33073C9366,10
0x7a2c2e7B5faF5F6D3a541a3c76a0f350a4E4cB3A,10
0xfb7542fC4781C45766a0780A32d67a2C3b77BA67,10
0xb6ad4ea90b279f3cd6ebf6b95438002c4c750686,10
0x187044c545bd5c4148c3d4e416f648f3353b7ed4,10
0x147bD1F056294730AcEC88Db4e5B9dd3Bc84D47D,10
0xb124c28a39234Ee93D4f662EC02a79a40Cd05cD0,10
0x3C6cb4E0035D5143Fe9C21C6A320f58D37E5D958,10
0x854a6d0263436Ff45E817B1212e08B784d48785c,10
0x98cc7D0F8Cf5BF884D4e3320571dcEFe58B700aA,10
0x11593D7c877BBD992d650c408e5BF3Ccf6225dA0,10
0x46505E76cB950aB222Cdde5f4816d2080bEfF0e5,10
0x7749cA492F43c26EeC6bE7ceBD06b2268Ab671d9,10
0x3Ed96871CB84DfACcfA7c827CBA2D9f943216bBd,10
0x40d68f1fcf4710a29c9c4b8af8206969b3331ec4,10
0x073716Fff6A1Ea56315dd4Cb3f9a5d54C7598ca1,10
0x0d403E70BBB477216016DBFf0f9E30afCae3497a,10
0x63Fa76523D1AB89B28fF964eB4b5f00464FaDDc1,10
0x750006A38A851e8e31ee8e3Dd94A69e59724dAAf,10
0xf93D2EACF248b0F38C4e247FE1877f0a6D4a907e,10
0x0e604f0E7E1Fb97525E19FeEe72699Cf0F3dBD50,10
0xCd168163b319992b319CdB29d5cF416899cDFF9f,10
0x6C3e94b85AC83Ee6231358507D45c36E0D6Bb701,10
0x7129eee7c2e88efec49336ff2c931006564a5232,10
0x99e7F261c017Bf4190545903D419B7151d5747A5,10
0xA9f655f17136BF8063d1D65a9b05F0e1d1021Dbb,10
0x351a73a7e31e4f44d9f7c3db01563bf31069ffd4,10
0x34997311FAF7dd1A0338b8960aAdca309EB2cA59,10
0x32Ef0B385faA0A80B940a9aA3Da3d4dbf127f0a8,10
0x0C0B7a9b9Cf873F26841C3e574EB69F92C2EeA92,10
0x59ccf7ca85e9342309a672a3fa25a8eee035d493,10
0x586C7180F6ae147aD8d57F374683BB880abF291E,10
0xf7cC02A5DE78d5E7763c01c987EA363e9263422C,10
0x7BFb0A27CaFBF7167dB866CC21f16D4A85F95734,10
0xE61866914C5A6947083a9b505556aB8B54B950fA,10
0x23608d4EEE297C82dbaa32C22E0fF959Ff95Dbf2,10
0xFfaa2dD3a3C2711D47091399DD4E45D117915E8A,10
0x3e01eD277D792465d4A82407AD5B087F55E5a86f,10
0x5D6B68929a4337Ee7c851FcCE9f7E29F36393D54,10
0xBfDaAdCdaa71018d6242CC10F7a1Ce5b007C713c,10
0xd0572223172a245096fa2c20a98c91fe8220c9a4,10
0x45169F23e2c916Cc7A9331303A361c9000A11510,10
0xb47f419735021fde36e1614148ce836980775a02,10
0x59c12104bB6053Ff55C6CF178dc4Bb53849064F2,10
0xF8aEDab55A6Bb477d9c442fc5913BcF33809DcCc,10
0x2e06f0ea2e9b6d1Da323053B5306D15819eaCEFF,10
0xbd22fF2D97E949911807c2F142d609ae40522CEa,10
0xed540c26a0b86dDAE5a164Ef32B3d74b7524287A,10
0x900ae7940963ff4259495b6564d172a77de38843,10
0x9D7A30A25fE649f8e6D34d46e5836904cbB0AD0E,10
0x89C0186527796A9bc893b1d18dC8a2D329525fbc,10
0x716cc5821d8c8a8929252599df46b408c2001c2e,10
0x10B11899fB029451E26484D5DD51c2A8DD8C5c68,10
0x6Afa1F947AAD68Ed9f46b17C71e8308B4b19B43F,10
Ox4ee58d857402CF5e246ABAf98F65f522a5A9dC44,10
0xE93Efea5525bA4Eed51c07C8a81Eb157E00950fA,10
0x86e2b8937875D43B6f6C0A4f76FF1A3e81cbA3c0,10
0x498230C3AA6768FDAa9a277662A035D70d0ba8Ac,10
0xdedE695eC516270f61007aaad563EF4CB0CAD61a,10
0x2725828bee7c1F8264762D35024fE9b34d61EE93,10
0xFfaa2dD3a3C2711D47091399DD4E45D117915E8A,10
0xB201B3815b9F7Ca45114c68De5e80F605697E084,10
0x0aBC98000B3A1e9B78Ffa537A53530e001605E6c,10
0x48bC0C3B218AF24593D3CDaAC3d096Cf44c866E3,10
0x6789597Dc1470bA8761809fB67D008675594D91F,10
0x89455B4A8BeBCb83F4F7D0F6ca9504259A078b2e,10
0x1B4119512a8671ca6AC457C8901E4420338F0EBe,10
0xDA5f574194538AC065776A4C3a1C9842123610F8,10
0x51BeCbfC4b78B787543db127b34342e90A891484,10
0x09AEbf040CeC3E2A56411122Ac87744976192BE7,10
0xd8A185B4C3f9684A0c7dB5a9F49a54d9227EBE5e,10
0xB3559D008D629572b73fa7f0c2D5f229B04FDF42,10
0x15735D5bB4Fd363d69D59092376cb36769D859f6,10
0xf82c04389b9Cc9b8433B976888a9FeC0b2e39E87,10
0xB1df72Fa19d18a9796c7e77C5A1C6afb54699145,10
0xeb924A30009a8437d27c2F4f186D740bD2095df1,10
0xd3a5F31B1E7FCf19c3D611cfaB430d56De17C8d9,10
0x4cd9C4f5feF9a2a9582e2F555955Ca3fdd7d972a,10
0x8e300c6dE34Eec42f74356Ef74EB4972ed46B7E0,10
0x33FEC3CbAF4b33f91DAEFD5F9a7DA58B727E1E16,10
0x25D17D05143f6a69531Ca74Ba543502E160A8ed5,10
0xdC0E90bBd9AfB6F40583780F441dD667b48BB7e4,10
0xbd4A474605E000eCAAEceC91e7b07fe8c3EabB0e,10
0x6e2934597C672c6cDaE3e64CeC95D99775aBF5cf,10
0x64bc8188A52Ab57312788BadE8DEA9E0f2BFd80c,10
0xff413cfa035e8867bdea8f9ca1e173000747803b,10
0xe1E9BAE2389463bDDc394cD94d8A4feFd48E6a98,10
0x4B858aa658B7601205a3eaFEe8A25548452C986A,10
0xcb99d0d6d711097e4ed69b82a52009b0bc502ad3,10
0x7E20e4cd1074268D1af0B47f0777919F5d95CFB8,10
0xaE7e3971064534db282EF4a296Ef453fD0452369,10
0xba428Ae8DCa61A5F444ac7F6cdFEA94F2Ac226C7,10
0xC3945f3D469d8fA47944a61B8c19c3Db24cCc309,10
0x4B20e49fed3855c0E1a7b38874B1f12dCBAa145f,10
0xc85bDb95Cc68F43c6e94Aab8CC7D784b2600D2C1,10
0xE6fA22A58d95aa2c25569d332210a8774c510AFD,10
0x43EE625cB9D63245D31bDFd590810FFd1f72cbE4,10
0xff1B210b300c3f364569c16DEEAB9412a803019F,10
0xB51E37d22d9d8A9dD388c71dFd1C8ba48d0d7aeF,10
0x4DEA7d17e357696750E6b4CB7C9Ea2A6aE253c47,10
0x1fB663442Aa6A169cd53b68092Bc84Ce2dADa5E1,10
0x1250a799Df65EaAa5e29Beb7fcB8d444e1388944,10
0xf0d92fE09D7Bc1d9B3ef21e26A97D1793E9BcD1d,10
0x18d84cDD5E1E3D72ACA22358a4581C6Af7cA6363,10
0xBb2686D9Aaf1a25e9c0B6F9623cC84100a877c00,10
0xbB7e9feA0aEE0ad5794643b3695015692a3D8D7f,10
0xD2406B886F2b897B2C0F2b10cA365281FE1C2F77,10
0x100692099BA2c206a1d41605A1572560261f11A4,10
0xeCc739f6Aa1868Aa07f48124CF795FA78b7C5F82,10
0xb006210721c0bdD467ACEDf301d8efF48d65D345,10
0x38159ce73f8e22856ce98656570a57e3fce9655b,10
0xdcd91b9C8078B0d55985C05228A4cA63A56873ec,10
0x96E2C0BFd3b42024d1503511C49aFF1a5Cc43975,10
0x0dE2BB05f673dCdf8E5B52aCC4E0C26682C68944,10
0xE340004f01f321bDD4222177b561cEe37E145B85,10
0x88354977d40C8593ab0A8fFe033A817243742B9F,10
0x42D06aD1eA601DcDd955737eD5D95B5C1D8cDC3B,10
0x96C9A44A3DfCC2e18469F3d4D6667124EF83a423,10
0xA9f655f17136BF8063d1D65a9b05F0e1d1021Dbb,10
0xE663d6d16799e10bd5a87fbcbF0E3A4Df59E09D0,10
0xA7b9db314827fdF0DD36861eD156873Ec3cD7f35,10
0xFfaa2dD3a3C2711D47091399DD4E45D117915E8A,10
0xbc24308695509bA7Fd3Da891D629cA2b6fBB6280,10
0x5b1a7a2909a01f6acb69082fb517e8595e71fdd8,10
0x5cFbe982189e4DF182C4D13f01a02906ad578a37,10
0x66eDD7d8C9a58fCF0533F5d8Ff2Ac5E2f2395D19,10
0x17E89CAdD0610D87005a1A99E5B26060Dd744581,10
0x8dd61E0186259C42E7b38e19b7E09F5B438573D6,10
0x14e148509207Acb5b040df8E3065481Bcd7e7Db6,10
0xBbEb1570fc667C479E2e2B81A1AddA366DEE13C7,10
0x8fd4c7bd7657d200392314cfa32e229b73234ef3,10
0x8358FDB019345cCd005707FB6F5b1f295c958254,10
0x5578124CcF2D506d4226B7Fd4BA926283261F2bA,10
0xA7300f6ABf11Ff569234866BF734DE7c3EEB8308,10
0x1Bb9d10c29b80304512bB662ed0E9aD7455c2621,10
0x0975f97B21E6804b65EF58CCC60C2Cfb466d0B23,10
0xD70B0d11a26F82912Fbc041a90ec3DbEcaEe0773,10
0x4c597f54C855439e2884bD02356e9a3Fc7846466,10
0xff3b3c197b7ac74e3d1b7dc9768e7ecdfeb7e4bd,10
0x6175b2c80a59CB7e4f5a61f478D6Ab21c0FD76bF,10
0x22Ed07ce07E8bFd857e97fD1bE87dbaa5c4eac6d,10
0xAD622E7070A3707A9f61294708541a390488a230,10
0x4AB9C9c38875513245C92e85D951435A00492Bcc,10
0xffa6cC829639ea7bE201aE925425a7D2e47D4D12,10
0xdb809389B2b7Effd6c76F4E62B96E567E358cd2E,10
0x2327a6444CD8db310Df525872F79dD6F032Dffa0,10
0x61ab90B09c9486C44BA1eeDB76d36f60640578C2,10
0x4b1c7d17e235fa075e432653c9acbc2b2b4c2948,10
0xD2853362FAC1910ECCc5d466a349fc7710799dA0,10
0xbd24F5CB7dF49413EdE26E764f72bdE65dDDE533,10
0x410b10bE553Dd376509B9Bb71B5df0733D79e091,10
0xA69292830579A80fFe8B3920A230652D75CE7883,10
0x6D7a92618F496E3E926F243280984725CD2d78f7,10
0x67824aa88F4f2170d730387183CABeE4AEc22E9d,10
0xfFD5c8B9E87b2369BcDe13D38d8c03C2435d688C,10
0xaDDE181AbAeb1Bc3353F8e306E42b7EB16022DfF,10
0x35C3B6Efe9c04F31b920B09F3C1577Eac04f155e,10
0x0F6b47f172B795e493F49689B90e227D9BC21eCc,10
0xBB382B76Bcd55aa7A73Beba05BE272A1069fC7D6,10
0xAE4106e42e8Cf023e1Eb56Dc5bB50D2E49E9541A,10
0xC16FD5e7a5b038D5C26FaCCD82C75309F21C530c,30
0x8e300c6dE34Eec42f74356Ef74EB4972ed46B7E0,30
0xbB7e9feA0aEE0ad5794643b3695015692a3D8D7f,30
0x18cfC6946C2E4D0a26083f8BcF58c2b4e291D04a,30
0x48f2c26D8205a6C08CAF99EabC927B744b206cb0,30
0xe5BD93ef33952e915cdB161f38b7dCc3031C0cB9,30
0x3e5Ff4B75e1D7Ec539b897999f9B168b97c4157D,30
0x692639769f46cDB471b73EF1e5616DE6860c9f27,30
0xe7F82e7FCEB71fd373D263d6Aa37c14a86ADcA39,30
0x90B9c784D1Bac38aacEE3E3A8DEeB99Ef1B9ed45,30
0x7832de891aa627e6b5ada41acdb74dfbfcd6d815,30
0xf9A3a6757CBD3A9288a453B85c10eD94fF055449,30
0xdfFFF1374E8Edf4049dc2D40df9f3EB83B4eA4b1,30
0x6AD0C8f61bAA5D333A42A6C6E867557683D22468,30
0xC43c6e9Df4Da0EdA0870155A74085efB04A20a1b,30
0xd9b5129d8a69edfbf2ebd3de4684316ecd3d82c2,30
0x9d6f84D8A62d919755EdA6325a849e57dCc44eb5,30
0x416667977406E1BdFaF91B9F37290EC0ECE1b110,30
0x783283786574c2741e278A1bCC576a88b9d72be8,30
0x517fFf7dEBB2Dca81137a1bf91770DEE497B7F0B,30
0xaFf0358db3198248d82de5C9d9Af72716a73b8A3,30
0x4AC5A34a112f4Ad1Dc048Df87Fc06242FB3Fd683,30
0xf58A7274BB8D64Bc615B3C053aF2C92cA435527E,30
0xA56C7FFd64ce29e24594Eb1b3dc4273Bf9d620d5,30
0xE82f92d675096F9038C476BFB716F9AC0Ae30557,30
0xe2479412f0d34be5a04292c7492410B53CA898e2,30
0xd51D4095eBbabF1AE872e45d1c796c068Fa046De,30
0x18d84cDD5E1E3D72ACA22358a4581C6Af7cA6363,30
0x236046D33a156e4537fD9764AFBECC8426F18d99,30
0x5C5fF0E9559A034667559B43B95a721fa92D44e3,30
0xEC94a7DB2150c48ec14C66b8dB09B299568C4D98,30
0xf93D2EACF248b0F38C4e247FE1877f0a6D4a907e,30
0x73509B0b6a0C42DAA905F09cc33431ca194C1fAd,30
0x232DC18668A8744F741755129CCF3425e9E06bE2,30
0xf52ffC83221825C9a8fe50bf4818Ca7c01E625F4,30
0x0A16433d2A5afC12b571f40af1C8E03c0FEb59CB,30
0x6eb7f80D2D08110A88416b2A1D423Db05595Ee53,30
0x7f83e60cCCb7a7411bab79388d5d2F40ce9e701E,30
0xa00e70E334c9371d93CC65Ca5e19959b797b7956,30
0x5A2A4D2BC3beFF479CB72e6ec4648D355Bfe24bd,30
0x6B58F190DE09B6EB490b74039F4155DC16accB71,30
0xba00bB0552918645e636286f10732Cc01397889F,30
0x6BaCe0855a5b65904a45DF454C16A9dB6BF53F8d,30
0xA8a098747967b3fFB03C8C5183B0cbF6FADc48db,30
0x0588b07Fd0b818F0b4Fb8dC0E21A4868F11aDAe1,30
0xE6F668c4Cbc78112DFaa6DA8D33Cbdebd2148061,30
0x9A6EA50C73c8aF4a1E98e292B5bfb77DfafA0930,30
0x8F6925C332976a323db17E7Cf9b379931b4eCf30,30
0xC24f41c94Ae24CcEC7539925F8E241D2e0B821ac,30
0x9C55484Ad10AcE0c54a1b52f82B52FCFC0baeAb8,30
OXA4A07F4C8Dec4B3FA48Ec460452AB951DE812966,30
0xB51E37d22d9d8A9dD388c71dFd1C8ba48d0d7aeF,30
0x4FB90B100e21D9a6ae93A65bEe9d4F47EC0007Ff,30
0xC99a46499f4161f880931e53b03D54f0bD9b63EC,30
0x7A47cC40Da9f6eF886B4B8A8a52710D04C718211,30
0x9665De45567F1CcE8EFC238962b83E8cd2c09D21,30
0xFfaa2dD3a3C2711D47091399DD4E45D117915E8A,30
0xD0342CF5ECa3f9372C5E82BA77B36E5BB3D79F4b,30
0xFfaa2dD3a3C2711D47091399DD4E45D117915E8A,30
0xD1395d4DB3Fda0c37a033FC4854647B967C640c0,30
0x6727BdE2F1B0Cc3EEa676a464Dbb2b1D70cDdc0F,30
0x1C9AE161E33717DF1381dcA28f563123Be1Cf5CD,30
0x3d7d9C3d98e8c56C627FD49eAa47f2b852e31734,30
0x222152b0DC3872c3285d336E96078C4a11B959E0,30
0x7A876F6E9eb859F811B815E70E5D6175aA7502E2,30
0x6a08022F9fF3AAD55eeAA4257B02375146f7909d,30
0x80C02d84738be4c2020CDbAaa188Bd58b7ac3D29,30
0xA46321F37739F2473c018bCE6252B7C21B2Ee318,30
0x35f2051A58Fc77ADB548b8D38b69640AccBA7b52,30
0xFfaa2dD3a3C2711D47091399DD4E45D117915E8A,30
0x6ece5BBfaDFAa9492B65e7bE8037754BCD067B60,30
0xbeAc85b871Fcb46886DD2531188561e75F8E978e,30
0xaefC16EbA4267E948bF9CBCb8868E35FE255fa73,30
0xa04Efb14c120b04Fead5Ad7a29C5B1e0155CfC29,30
0xA47048bE34aFA36d567Cc18761532c0E8c722971,30
0xCE8c881878eeb10680E1123314bA65144158BDE7,30
0xDC61E8BD45860748e160Ea06728FD9aab064699e,30
0x7215c72EC4F7C5865251C972dBbb168fc0979eb1,30
0x419f86C7857D4a404f187e51E587fbacdBBD7Ebf,30
0xe7fb3b67e78D9A7f18bb46e0BA2fAA9658F47a32,30
0x0f2aaD1ee22160Be224233988383C1B7d950da04,30
0x3f1F78d2f21E709c439212aF42E4fE7e3F9D3046,30
0xfB9E00A0ADC832F82631a2D6f5467D802296249D,30
0x86648647Cf5f7Ac96d0eb7f70e310d655c7be6D6,30
0x411Fb0d553a476587971bb2dC181d7658079be1f,30
0x5b3Ebe7790140AdAAEC3064e9015bF1C4b47C521,30
0x9206B9B6a397744f2b8123C475C4b89628D16a4B,30
0x718f89469081eD7A06f5fB09fe0D6c60935a3D2b,30
0x07Ff5Db7D89D2e2B84269C3feF70E9924E5A84be,30
0x9f3fE43a02977914B47cD352579528Cdd66006c1,30
0xc9BA2B4064C7b0ef4D4f31A8b9EB04C7E32921f1,30
0xca541ba914c4321AdFF90462eD8144165b7f967C,30
0x937ab164b3F72788396Cb51508FaD206064472c6,30
0x39E9d54813Bb4671C067b26d7337F6fE5725658c,30
0x7a8DBc8DDd308F22255d1616119f4D4dD493ab25,30
0x6Bf2fbcAe0b3651b60A5a10F8DE1CF612c8A3F76,30
0x6bCA2551447D3CdD9493Bd5C577ebBA22dE74463,50
0xc2D88883a08aaD3cf5F10233D4558af0E44ADEa1,50
0x31f3197108C5F900BF8D18ef69dC89f4CF62Cf40,50
0x1f543411b0182db03b023eaE09c90C7d47B5b36b,50
0x3Aeb5C879e22dC94EC6AC505c916A2dCE3FF7C6C,50
0x6D2B92762C9FE91B4e62D42FbDF99B7d48C9c432,50
0x56D1C4dd1A894E66Ebd6b874568dF029E438A5e7,50
0x1e44E247f043410fF6e06B2d9CBFEc85ff956e16,50
0x79b1336949ab48C22DA04D5F1FC6450761111D10,50
0x54962C12662f5587d244FE0597C70a1D03b560Ab,50
0x7FCC8370CDbd0aDC23E7Dd5b4b7d07645d5A0910,50
0xb5d252BD29CA6a8ce7651ABa556f00c6B0B5E0EE,50
0xFfaa2dD3a3C2711D47091399DD4E45D117915E8A,50
0xd3ce367d19A7b2ff3b688371f6dE239a6Dd2451C,50
0x6cDF58a55fBD87E363Cfe2511a180709c70dBE0e,50
0x6d0811C3d290910A8a0F18fb3c95770e51F8d6dB,50
0x65cFF4f062A89C9CCF79077723f757A46C21baCB,50
0x329a0a320AE4834087eD52687245E2a4b2eC1382,50
0xF0a4Fe44CFF5B2A1078C7701247FBBf0Dd3b1626,50
0x0c9541f8b0f2D690003542C4188B1a3e486053e4,50
0x44E9319c1cC06fAFeC33D0E3bD5055c848481217,500
0xBb39918373CBEee8c180574C8DE60264B18b0937,500
0x132c192C87039c3b3d7960dBeF1E39816cA9e67e,500
0x3107c141c57c206b6af36df149627ed89aefaf19,500
0x82A04D2B6B9BBE25E87054F6f4585183d5D2A883,500
0xcE8FE179B9985365D9Cd76AD7791189B40878232,1000
0x1661D680C4C19b7Bcc7aA7c4330a4a6c3200244a,100
0xCBeafE918D2138CEff74Aed52c0b72507b5135AE,100
0x5A260892FC93e985070A30B21c3C50be315941e4,100
0x2bbFe5650e9876fb313D6b32352c6Dc5966A7B68,100
0xf40807806207B2fc219C59d18c371866982f5D82,100
0x2bbFe5650e9876fb313D6b32352c6Dc5966A7B68,100
0xC88E454C0330351c745d299958F052E58AD8C4e9,100
0x733Afa0C4Fdb02F0FB7e3C51d4d05DF111Ec3eD0,100
0xA374392bB23B5130fE1b3229eEB094B392Acee25,100
0x56fb75616631c165D2811d9E378392964097A5a4,100
0x81E5Fb3D2fE8d9EA73bB6428a06B3Ea4469cE655,100
0x72D8fB0D948ABf2b56b85D5a2C1f46E89f987aBa,100
0x3e01eD277D792465d4A82407AD5B087F55E5a86f,100
0xf891b43B6d3141ae3ABaaBAD67E08ca22540a59A,100
0x024a2Cb80373cc21a650E50420f7994a95B18243,100
0xC16FD5e7a5b038D5C26FaCCD82C75309F21C530c,100
0xc3a0177bc8fd591cbaf64fdd6cb24a5f0bee80cb,100
0x8a09276Ac852c8960693c15F9664ea9360E36293,100
0x4DA8E66002954ceeFfD0d6aeDeB3D3003d127492,100
0xaefC16EbA4267E948bF9CBCb8868E35FE255fa73,100
0x51Cf74474344CD1B978b2282DE190a6333bf6a98,100
0xD215ae82556F08cAE674b861A3be4702Ec176dfd,100
0x12788951bB4d8EFa049fB7C7D3e3421014Bd0e5f,100
0x502FB994873db57982203300d44b852C9f45F24e,100
0x25d6BB14eEa6E12B700d941E3Da76Fb12FB31c61,100
0x2cf200dec4b1055be45baeeeba8482b9867d4d8a,100
0xA9AeD025c5Cf258736edACF42CD0c8eEb5E0EDE3,100
0xDc7103dF70cF36902cD652e0bC1036CB15D48813,100
0xa7A13638633B10C51588890b917d3e243D4a5FAb,100
0x451645950a6c737743d28C72c88016f45B504639,100
0xab297e84f803780589cd416e5ee6aacab972e938,100
0xa2D88cCaC42c82eEED3109200D6471a49308004F,100
0x68D1C2a06359560b2B1DB2ca5eC053c9859BaD9d,100